SET NAMES utf8mb4;
SET CHARACTER SET utf8mb4;
DROP TABLE IF EXISTS edu_vocabulary; DROP TABLE IF EXISTS edu_course_lesson; DROP TABLE IF EXISTS edu_course_unit; DROP TABLE IF EXISTS edu_course_chapter; DROP TABLE IF EXISTS edu_course;
-- ============================================
-- 多语种学习平台 - 教育模块表结构
-- 若依框架 edu 模块建表脚本
-- ============================================

USE ryvue;

-- -------------------------------------------
-- 1. 课程表 edu_course
-- -------------------------------------------
CREATE TABLE IF NOT EXISTS `edu_course` (
  `course_id`          bigint(20)   NOT NULL AUTO_INCREMENT  COMMENT '课程ID',
  `course_name`        varchar(100) NOT NULL                  COMMENT '课程名称',
  `course_code`        varchar(50)  DEFAULT ''                COMMENT '课程编码',
  `category_id`        bigint(20)   DEFAULT NULL              COMMENT '分类ID',
  `language`           varchar(10)  DEFAULT 'en'              COMMENT '课程语言：en,ja,zh',
  `level`              varchar(20)  DEFAULT 'beginner'        COMMENT '课程等级：beginner,elementary,intermediate,advanced',
  `course_type`        varchar(30)  DEFAULT 'general'         COMMENT '课程类型：general,conversation,grammar,vocabulary,listening,speaking',
  `description`        text                                    COMMENT '课程描述',
  `cover_image`        varchar(500) DEFAULT ''                COMMENT '封面图URL',
  `trailer_video`      varchar(500) DEFAULT ''                COMMENT '预告视频URL',
  `teacher_id`         bigint(20)   DEFAULT NULL              COMMENT '授课教师ID',
  `total_duration`     int(11)      DEFAULT 0                 COMMENT '总时长（分钟）',
  `total_lessons`      int(11)      DEFAULT 0                 COMMENT '总课时数',
  `total_students`     int(11)      DEFAULT 0                 COMMENT '学习人数',
  `rating`             decimal(3,2) DEFAULT 0.00              COMMENT '平均评分',
  `rating_count`       int(11)      DEFAULT 0                 COMMENT '评分次数',
  `is_free`            char(1)      DEFAULT '1'               COMMENT '是否免费（0否 1是）',
  `price`              decimal(10,2) DEFAULT 0.00             COMMENT '课程价格',
  `is_published`       char(1)      DEFAULT '0'               COMMENT '是否发布（0否 1是）',
  `is_featured`        char(1)      DEFAULT '0'               COMMENT '是否精选（0否 1是）',
  `prerequisites`      text                                    COMMENT '先修课程要求',
  `learning_objectives` text                                   COMMENT '学习目标',
  `tags`               varchar(500) DEFAULT ''                COMMENT '标签（逗号分隔）',
  `difficulty_score`   int(11)      DEFAULT 3                 COMMENT '难度系数（1-5）',
  `popularity_score`   int(11)      DEFAULT 0                 COMMENT '热度评分',
  `del_flag`           char(1)      DEFAULT '0'               COMMENT '删除标志（0存在 2删除）',
  `create_dept`        bigint(20)   DEFAULT NULL              COMMENT '创建部门',
  `create_by`          varchar(64)  DEFAULT ''                COMMENT '创建者',
  `create_time`        datetime                               COMMENT '创建时间',
  `update_by`          varchar(64)  DEFAULT ''                COMMENT '更新者',
  `update_time`        datetime                               COMMENT '更新时间',
  PRIMARY KEY (`course_id`),
  KEY `idx_category` (`category_id`),
  KEY `idx_language` (`language`),
  KEY `idx_published` (`is_published`)
) ENGINE=InnoDB AUTO_INCREMENT=100 DEFAULT CHARSET=utf8mb4 COMMENT='课程表';

-- -------------------------------------------
-- 2. 课程章节表 edu_course_chapter
-- -------------------------------------------
CREATE TABLE IF NOT EXISTS `edu_course_chapter` (
  `chapter_id`         bigint(20)   NOT NULL AUTO_INCREMENT  COMMENT '章节ID',
  `course_id`          bigint(20)   NOT NULL                  COMMENT '所属课程ID',
  `chapter_name`       varchar(100) NOT NULL                  COMMENT '章节名称',
  `chapter_order`      int(11)      DEFAULT 1                 COMMENT '章节排序',
  `description`        text                                    COMMENT '章节描述',
  `total_units`        int(11)      DEFAULT 0                 COMMENT '单元数量',
  `total_lessons`      int(11)      DEFAULT 0                 COMMENT '课时总数',
  `del_flag`           char(1)      DEFAULT '0'               COMMENT '删除标志（0存在 2删除）',
  `create_by`          varchar(64)  DEFAULT ''                COMMENT '创建者',
  `create_time`        datetime                               COMMENT '创建时间',
  `update_by`          varchar(64)  DEFAULT ''                COMMENT '更新者',
  `update_time`        datetime                               COMMENT '更新时间',
  PRIMARY KEY (`chapter_id`),
  KEY `idx_course_id` (`course_id`),
  CONSTRAINT `fk_chapter_course` FOREIGN KEY (`course_id`) REFERENCES `edu_course` (`course_id`) ON DELETE CASCADE
) ENGINE=InnoDB AUTO_INCREMENT=100 DEFAULT CHARSET=utf8mb4 COMMENT='课程章节表';

-- -------------------------------------------
-- 3. 课程单元表 edu_course_unit
-- -------------------------------------------
CREATE TABLE IF NOT EXISTS `edu_course_unit` (
  `unit_id`            bigint(20)   NOT NULL AUTO_INCREMENT  COMMENT '单元ID',
  `course_id`          bigint(20)   NOT NULL                  COMMENT '所属课程ID',
  `chapter_id`         bigint(20)   DEFAULT NULL              COMMENT '所属章节ID',
  `unit_name`          varchar(100) NOT NULL                  COMMENT '单元名称',
  `unit_order`         int(11)      DEFAULT 1                 COMMENT '单元排序',
  `description`        text                                    COMMENT '单元描述',
  `total_lessons`      int(11)      DEFAULT 0                 COMMENT '课时数',
  `total_duration`     int(11)      DEFAULT 0                 COMMENT '总时长（分钟）',
  `is_locked`          tinyint(1)   DEFAULT 0                 COMMENT '是否锁定（0否 1是）',
  `passing_score`      int(11)      DEFAULT 60                COMMENT '及格分数',
  `experience_reward`  int(11)      DEFAULT 100               COMMENT '经验奖励',
  `del_flag`           char(1)      DEFAULT '0'               COMMENT '删除标志（0存在 2删除）',
  `create_by`          varchar(64)  DEFAULT ''                COMMENT '创建者',
  `create_time`        datetime                               COMMENT '创建时间',
  `update_by`          varchar(64)  DEFAULT ''                COMMENT '更新者',
  `update_time`        datetime                               COMMENT '更新时间',
  PRIMARY KEY (`unit_id`),
  KEY `idx_course_id` (`course_id`),
  KEY `idx_chapter_id` (`chapter_id`),
  CONSTRAINT `fk_unit_course` FOREIGN KEY (`course_id`) REFERENCES `edu_course` (`course_id`) ON DELETE CASCADE,
  CONSTRAINT `fk_unit_chapter` FOREIGN KEY (`chapter_id`) REFERENCES `edu_course_chapter` (`chapter_id`) ON DELETE SET NULL
) ENGINE=InnoDB AUTO_INCREMENT=100 DEFAULT CHARSET=utf8mb4 COMMENT='课程单元表';

-- -------------------------------------------
-- 4. 课程课时表 edu_course_lesson
-- -------------------------------------------
CREATE TABLE IF NOT EXISTS `edu_course_lesson` (
  `lesson_id`          bigint(20)   NOT NULL AUTO_INCREMENT  COMMENT '课时ID',
  `unit_id`            bigint(20)   NOT NULL                  COMMENT '所属单元ID',
  `lesson_name`        varchar(100) NOT NULL                  COMMENT '课时名称',
  `lesson_order`       int(11)      DEFAULT 1                 COMMENT '课时排序',
  `lesson_type`        varchar(20)  DEFAULT 'vocabulary'      COMMENT '课时类型：vocabulary,grammar,listening,speaking,quiz,video',
  `content`            longtext                                COMMENT '学习内容(JSON)',
  `duration`           int(11)      DEFAULT 0                 COMMENT '时长（分钟）',
  `is_free`            char(1)      DEFAULT '1'               COMMENT '是否免费试看（0否 1是）',
  `del_flag`           char(1)      DEFAULT '0'               COMMENT '删除标志（0存在 2删除）',
  `create_by`          varchar(64)  DEFAULT ''                COMMENT '创建者',
  `create_time`        datetime                               COMMENT '创建时间',
  `update_by`          varchar(64)  DEFAULT ''                COMMENT '更新者',
  `update_time`        datetime                               COMMENT '更新时间',
  PRIMARY KEY (`lesson_id`),
  KEY `idx_unit_id` (`unit_id`),
  CONSTRAINT `fk_lesson_unit` FOREIGN KEY (`unit_id`) REFERENCES `edu_course_unit` (`unit_id`) ON DELETE CASCADE
) ENGINE=InnoDB AUTO_INCREMENT=100 DEFAULT CHARSET=utf8mb4 COMMENT='课程课时表';

CREATE TABLE IF NOT EXISTS edu_vocabulary (
  vocab_id bigint(20) NOT NULL AUTO_INCREMENT,
  unit_id bigint(20) DEFAULT NULL,
  word varchar(100) NOT NULL,
  language varchar(10) NOT NULL,
  pronunciation varchar(200) DEFAULT NULL,
  part_of_speech varchar(20) DEFAULT NULL,
  definition text,
  example_sentences text,
  del_flag char(1) DEFAULT '0',
  PRIMARY KEY (vocab_id)
) ENGINE=InnoDB DEFAULT CHARSET=utf8mb4 COMMENT='词汇表';

INSERT INTO edu_course(course_id,course_name,course_code,language,level,course_type,description,learning_objectives,tags,difficulty_score,is_free,is_published,del_flag) VALUES
(1,'英语入门基础','EN-BASIC','en','beginner','general','零基础英语学习，从字母、发音到日常会话的全面入门课程','掌握26个字母发音、100个基础单词、20个日常句型','英语零基础,字母,发音,入门',1,'1','1','0'),
(2,'英语日常会话','EN-DAILY','en','elementary','conversation','日常生活场景中的实用英语对话，涵盖购物、问路、餐厅等高频场景','能进行基本的日常英语交流，听懂简单对话','日常对话,生活英语,实用口语',2,'1','1','0'),
(3,'英语社交礼仪','EN-SOCIAL','en','intermediate','conversation','西方社交礼仪与地道表达，学会得体地打招呼、道歉、感谢、邀请等','掌握英语国家社交礼仪，表达自然得体','社交礼仪,文化,地道表达',3,'1','1','0'),
(4,'英语医疗场景','EN-MEDICAL','en','intermediate','conversation','医院就诊、描述症状、购买药品等医疗场景的英语表达','能用英语在医院就诊并准确描述身体状况','医疗英语,看病,健康',3,'1','1','0'),
(5,'英语职场沟通','EN-WORK','en','intermediate','conversation','会议、报告、邮件、deadline等职场场景的专业英语表达','能在职场环境中用英语进行基本沟通','职场英语,商务,会议',3,'1','1','0'),
(6,'日语五十音与基础会话','JA-BASIC','ja','beginner','general','从日语五十音图开始，到基础问候语和日常会话','熟练掌握五十音图，能用日语进行简单自我介绍和问候','日语入门,五十音,假名',1,'1','1','0');

INSERT INTO edu_course_chapter(chapter_id,course_id,chapter_name,chapter_order,del_flag) VALUES
(1,1,'字母与发音',1,'0'),
(2,1,'日常问候',2,'0'),
(3,1,'自我介绍',3,'0'),
(4,1,'家庭成员',4,'0'),
(5,1,'外貌特征',5,'0'),
(6,1,'日常作息',6,'0'),
(7,1,'社交礼仪',7,'0'),
(8,1,'情感表达式',8,'0'),
(9,1,'庆祝活动',9,'0'),
(10,1,'医疗场景',10,'0'),
(11,1,'职场沟通',11,'0'),
(12,2,'见面问候',12,'0'),
(13,2,'介绍他人',13,'0'),
(14,2,'家庭话题',14,'0'),
(15,2,'描述人物',15,'0'),
(16,2,'一天作息',1,'0'),
(17,2,'礼貌用语',2,'0'),
(18,2,'表达情感',3,'0'),
(19,2,'节日聚会',4,'0'),
(20,2,'看病就医',5,'0'),
(21,2,'工作场合',6,'0'),
(22,3,'打招呼与告别',7,'0'),
(23,3,'感谢与道歉',8,'0'),
(24,3,'表达情绪',9,'0'),
(25,3,'邀请与回应',10,'0'),
(26,3,'赞美与祝贺',11,'0'),
(27,3,'请求与拒绝',12,'0'),
(28,4,'描述症状',13,'0'),
(29,4,'看医生流程',14,'0'),
(30,4,'买药与用药',15,'0'),
(31,4,'急诊情况',1,'0'),
(32,4,'健康建议',2,'0'),
(33,5,'办公室日常',3,'0'),
(34,5,'开会讨论',4,'0'),
(35,5,'邮件写作',5,'0'),
(36,5,'电话沟通',6,'0'),
(37,5,'汇报工作',7,'0'),
(38,6,'平假名あ行-な行',8,'0'),
(39,6,'平假名は行-わ行',9,'0'),
(40,6,'片假名与浊音',10,'0'),
(41,6,'基础问候语',11,'0'),
(42,6,'日常会话',12,'0'),
(43,6,'颜色与数字',13,'0'),
(44,6,'基础语法',14,'0'),
(45,6,'汉字书写',15,'0');

INSERT INTO edu_course_unit(unit_id,course_id,chapter_id,unit_name,unit_order,description,del_flag) VALUES
(1,1,1,'字母与发音-单元1',1,'字母与发音的第一单元','0'),
(2,1,1,'字母与发音-单元2',2,'字母与发音的第二单元','0'),
(3,1,2,'日常问候-单元1',3,'日常问候的第一单元','0'),
(4,1,2,'日常问候-单元2',4,'日常问候的第二单元','0'),
(5,1,3,'自我介绍-单元1',5,'自我介绍的第一单元','0'),
(6,1,3,'自我介绍-单元2',6,'自我介绍的第二单元','0'),
(7,1,4,'家庭成员-单元1',7,'家庭成员的第一单元','0'),
(8,1,4,'家庭成员-单元2',8,'家庭成员的第二单元','0'),
(9,1,5,'外貌特征-单元1',9,'外貌特征的第一单元','0'),
(10,1,5,'外貌特征-单元2',10,'外貌特征的第二单元','0'),
(11,1,6,'日常作息-单元1',11,'日常作息的第一单元','0'),
(12,1,6,'日常作息-单元2',12,'日常作息的第二单元','0'),
(13,1,7,'社交礼仪-单元1',13,'社交礼仪的第一单元','0'),
(14,1,7,'社交礼仪-单元2',14,'社交礼仪的第二单元','0'),
(15,1,8,'情感表达式-单元1',15,'情感表达式的第一单元','0'),
(16,1,8,'情感表达式-单元2',16,'情感表达式的第二单元','0'),
(17,1,9,'庆祝活动-单元1',17,'庆祝活动的第一单元','0'),
(18,1,9,'庆祝活动-单元2',18,'庆祝活动的第二单元','0'),
(19,1,10,'医疗场景-单元1',19,'医疗场景的第一单元','0'),
(20,1,10,'医疗场景-单元2',20,'医疗场景的第二单元','0'),
(21,1,11,'职场沟通-单元1',21,'职场沟通的第一单元','0'),
(22,1,11,'职场沟通-单元2',22,'职场沟通的第二单元','0'),
(23,2,12,'见面问候-单元1',23,'见面问候的第一单元','0'),
(24,2,12,'见面问候-单元2',24,'见面问候的第二单元','0'),
(25,2,13,'介绍他人-单元1',25,'介绍他人的第一单元','0'),
(26,2,13,'介绍他人-单元2',26,'介绍他人的第二单元','0'),
(27,2,14,'家庭话题-单元1',27,'家庭话题的第一单元','0'),
(28,2,14,'家庭话题-单元2',28,'家庭话题的第二单元','0'),
(29,2,15,'描述人物-单元1',29,'描述人物的第一单元','0'),
(30,2,15,'描述人物-单元2',30,'描述人物的第二单元','0'),
(31,2,16,'一天作息-单元1',31,'一天作息的第一单元','0'),
(32,2,16,'一天作息-单元2',32,'一天作息的第二单元','0'),
(33,2,17,'礼貌用语-单元1',33,'礼貌用语的第一单元','0'),
(34,2,17,'礼貌用语-单元2',34,'礼貌用语的第二单元','0'),
(35,2,18,'表达情感-单元1',35,'表达情感的第一单元','0'),
(36,2,18,'表达情感-单元2',36,'表达情感的第二单元','0'),
(37,2,19,'节日聚会-单元1',37,'节日聚会的第一单元','0'),
(38,2,19,'节日聚会-单元2',38,'节日聚会的第二单元','0'),
(39,2,20,'看病就医-单元1',39,'看病就医的第一单元','0'),
(40,2,20,'看病就医-单元2',40,'看病就医的第二单元','0'),
(41,2,21,'工作场合-单元1',41,'工作场合的第一单元','0'),
(42,2,21,'工作场合-单元2',42,'工作场合的第二单元','0'),
(43,3,22,'打招呼与告别-单元1',43,'打招呼与告别的第一单元','0'),
(44,3,22,'打招呼与告别-单元2',44,'打招呼与告别的第二单元','0'),
(45,3,23,'感谢与道歉-单元1',45,'感谢与道歉的第一单元','0'),
(46,3,23,'感谢与道歉-单元2',46,'感谢与道歉的第二单元','0'),
(47,3,24,'表达情绪-单元1',47,'表达情绪的第一单元','0'),
(48,3,24,'表达情绪-单元2',48,'表达情绪的第二单元','0'),
(49,3,25,'邀请与回应-单元1',49,'邀请与回应的第一单元','0'),
(50,3,25,'邀请与回应-单元2',50,'邀请与回应的第二单元','0'),
(51,3,26,'赞美与祝贺-单元1',51,'赞美与祝贺的第一单元','0'),
(52,3,26,'赞美与祝贺-单元2',52,'赞美与祝贺的第二单元','0'),
(53,3,27,'请求与拒绝-单元1',53,'请求与拒绝的第一单元','0'),
(54,3,27,'请求与拒绝-单元2',54,'请求与拒绝的第二单元','0'),
(55,4,28,'描述症状-单元1',55,'描述症状的第一单元','0'),
(56,4,28,'描述症状-单元2',56,'描述症状的第二单元','0'),
(57,4,29,'看医生流程-单元1',57,'看医生流程的第一单元','0'),
(58,4,29,'看医生流程-单元2',58,'看医生流程的第二单元','0'),
(59,4,30,'买药与用药-单元1',59,'买药与用药的第一单元','0'),
(60,4,30,'买药与用药-单元2',60,'买药与用药的第二单元','0'),
(61,4,31,'急诊情况-单元1',61,'急诊情况的第一单元','0'),
(62,4,31,'急诊情况-单元2',62,'急诊情况的第二单元','0'),
(63,4,32,'健康建议-单元1',63,'健康建议的第一单元','0'),
(64,4,32,'健康建议-单元2',64,'健康建议的第二单元','0'),
(65,5,33,'办公室日常-单元1',65,'办公室日常的第一单元','0'),
(66,5,33,'办公室日常-单元2',66,'办公室日常的第二单元','0'),
(67,5,34,'开会讨论-单元1',67,'开会讨论的第一单元','0'),
(68,5,34,'开会讨论-单元2',68,'开会讨论的第二单元','0'),
(69,5,35,'邮件写作-单元1',69,'邮件写作的第一单元','0'),
(70,5,35,'邮件写作-单元2',70,'邮件写作的第二单元','0'),
(71,5,36,'电话沟通-单元1',71,'电话沟通的第一单元','0'),
(72,5,36,'电话沟通-单元2',72,'电话沟通的第二单元','0'),
(73,5,37,'汇报工作-单元1',73,'汇报工作的第一单元','0'),
(74,5,37,'汇报工作-单元2',74,'汇报工作的第二单元','0'),
(75,6,38,'平假名あ行-な行-单元1',75,'平假名あ行-な行的第一单元','0'),
(76,6,38,'平假名あ行-な行-单元2',76,'平假名あ行-な行的第二单元','0'),
(77,6,39,'平假名は行-わ行-单元1',77,'平假名は行-わ行的第一单元','0'),
(78,6,39,'平假名は行-わ行-单元2',78,'平假名は行-わ行的第二单元','0'),
(79,6,40,'片假名与浊音-单元1',79,'片假名与浊音的第一单元','0'),
(80,6,40,'片假名与浊音-单元2',80,'片假名与浊音的第二单元','0'),
(81,6,41,'基础问候语-单元1',81,'基础问候语的第一单元','0'),
(82,6,41,'基础问候语-单元2',82,'基础问候语的第二单元','0'),
(83,6,42,'日常会话-单元1',83,'日常会话的第一单元','0'),
(84,6,42,'日常会话-单元2',84,'日常会话的第二单元','0'),
(85,6,43,'颜色与数字-单元1',85,'颜色与数字的第一单元','0'),
(86,6,43,'颜色与数字-单元2',86,'颜色与数字的第二单元','0'),
(87,6,44,'基础语法-单元1',87,'基础语法的第一单元','0'),
(88,6,44,'基础语法-单元2',88,'基础语法的第二单元','0'),
(89,6,45,'汉字书写-单元1',89,'汉字书写的第一单元','0'),
(90,6,45,'汉字书写-单元2',90,'汉字书写的第二单元','0');

INSERT INTO edu_course_lesson(lesson_id,unit_id,lesson_name,lesson_order,lesson_type,duration,del_flag) VALUES
(1,1,'字母与发音-单元1-单词学习',1,'vocabulary',15,'0'),
(2,1,'字母与发音-单元1-语法讲解',2,'grammar',15,'0'),
(3,1,'字母与发音-单元1-听力练习',3,'listening',15,'0'),
(4,1,'字母与发音-单元1-口语训练',4,'speaking',15,'0'),
(5,2,'字母与发音-单元2-单词学习',1,'vocabulary',15,'0'),
(6,2,'字母与发音-单元2-语法讲解',2,'grammar',15,'0'),
(7,2,'字母与发音-单元2-听力练习',3,'listening',15,'0'),
(8,2,'字母与发音-单元2-口语训练',4,'speaking',15,'0'),
(9,3,'日常问候-单元1-单词学习',1,'vocabulary',15,'0'),
(10,3,'日常问候-单元1-语法讲解',2,'grammar',15,'0'),
(11,3,'日常问候-单元1-听力练习',3,'listening',15,'0'),
(12,3,'日常问候-单元1-口语训练',4,'speaking',15,'0'),
(13,4,'日常问候-单元2-单词学习',1,'vocabulary',15,'0'),
(14,4,'日常问候-单元2-语法讲解',2,'grammar',15,'0'),
(15,4,'日常问候-单元2-听力练习',3,'listening',15,'0'),
(16,4,'日常问候-单元2-口语训练',4,'speaking',15,'0'),
(17,5,'自我介绍-单元1-单词学习',1,'vocabulary',15,'0'),
(18,5,'自我介绍-单元1-语法讲解',2,'grammar',15,'0'),
(19,5,'自我介绍-单元1-听力练习',3,'listening',15,'0'),
(20,5,'自我介绍-单元1-口语训练',4,'speaking',15,'0'),
(21,6,'自我介绍-单元2-单词学习',1,'vocabulary',15,'0'),
(22,6,'自我介绍-单元2-语法讲解',2,'grammar',15,'0'),
(23,6,'自我介绍-单元2-听力练习',3,'listening',15,'0'),
(24,6,'自我介绍-单元2-口语训练',4,'speaking',15,'0'),
(25,7,'家庭成员-单元1-单词学习',1,'vocabulary',15,'0'),
(26,7,'家庭成员-单元1-语法讲解',2,'grammar',15,'0'),
(27,7,'家庭成员-单元1-听力练习',3,'listening',15,'0'),
(28,7,'家庭成员-单元1-口语训练',4,'speaking',15,'0'),
(29,8,'家庭成员-单元2-单词学习',1,'vocabulary',15,'0'),
(30,8,'家庭成员-单元2-语法讲解',2,'grammar',15,'0'),
(31,8,'家庭成员-单元2-听力练习',3,'listening',15,'0'),
(32,8,'家庭成员-单元2-口语训练',4,'speaking',15,'0'),
(33,9,'外貌特征-单元1-单词学习',1,'vocabulary',15,'0'),
(34,9,'外貌特征-单元1-语法讲解',2,'grammar',15,'0'),
(35,9,'外貌特征-单元1-听力练习',3,'listening',15,'0'),
(36,9,'外貌特征-单元1-口语训练',4,'speaking',15,'0'),
(37,10,'外貌特征-单元2-单词学习',1,'vocabulary',15,'0'),
(38,10,'外貌特征-单元2-语法讲解',2,'grammar',15,'0'),
(39,10,'外貌特征-单元2-听力练习',3,'listening',15,'0'),
(40,10,'外貌特征-单元2-口语训练',4,'speaking',15,'0'),
(41,11,'日常作息-单元1-单词学习',1,'vocabulary',15,'0'),
(42,11,'日常作息-单元1-语法讲解',2,'grammar',15,'0'),
(43,11,'日常作息-单元1-听力练习',3,'listening',15,'0'),
(44,11,'日常作息-单元1-口语训练',4,'speaking',15,'0'),
(45,12,'日常作息-单元2-单词学习',1,'vocabulary',15,'0'),
(46,12,'日常作息-单元2-语法讲解',2,'grammar',15,'0'),
(47,12,'日常作息-单元2-听力练习',3,'listening',15,'0'),
(48,12,'日常作息-单元2-口语训练',4,'speaking',15,'0'),
(49,13,'社交礼仪-单元1-单词学习',1,'vocabulary',15,'0'),
(50,13,'社交礼仪-单元1-语法讲解',2,'grammar',15,'0'),
(51,13,'社交礼仪-单元1-听力练习',3,'listening',15,'0'),
(52,13,'社交礼仪-单元1-口语训练',4,'speaking',15,'0'),
(53,14,'社交礼仪-单元2-单词学习',1,'vocabulary',15,'0'),
(54,14,'社交礼仪-单元2-语法讲解',2,'grammar',15,'0'),
(55,14,'社交礼仪-单元2-听力练习',3,'listening',15,'0'),
(56,14,'社交礼仪-单元2-口语训练',4,'speaking',15,'0'),
(57,15,'情感表达式-单元1-单词学习',1,'vocabulary',15,'0'),
(58,15,'情感表达式-单元1-语法讲解',2,'grammar',15,'0'),
(59,15,'情感表达式-单元1-听力练习',3,'listening',15,'0'),
(60,15,'情感表达式-单元1-口语训练',4,'speaking',15,'0'),
(61,16,'情感表达式-单元2-单词学习',1,'vocabulary',15,'0'),
(62,16,'情感表达式-单元2-语法讲解',2,'grammar',15,'0'),
(63,16,'情感表达式-单元2-听力练习',3,'listening',15,'0'),
(64,16,'情感表达式-单元2-口语训练',4,'speaking',15,'0'),
(65,17,'庆祝活动-单元1-单词学习',1,'vocabulary',15,'0'),
(66,17,'庆祝活动-单元1-语法讲解',2,'grammar',15,'0'),
(67,17,'庆祝活动-单元1-听力练习',3,'listening',15,'0'),
(68,17,'庆祝活动-单元1-口语训练',4,'speaking',15,'0'),
(69,18,'庆祝活动-单元2-单词学习',1,'vocabulary',15,'0'),
(70,18,'庆祝活动-单元2-语法讲解',2,'grammar',15,'0'),
(71,18,'庆祝活动-单元2-听力练习',3,'listening',15,'0'),
(72,18,'庆祝活动-单元2-口语训练',4,'speaking',15,'0'),
(73,19,'医疗场景-单元1-单词学习',1,'vocabulary',15,'0'),
(74,19,'医疗场景-单元1-语法讲解',2,'grammar',15,'0'),
(75,19,'医疗场景-单元1-听力练习',3,'listening',15,'0'),
(76,19,'医疗场景-单元1-口语训练',4,'speaking',15,'0'),
(77,20,'医疗场景-单元2-单词学习',1,'vocabulary',15,'0'),
(78,20,'医疗场景-单元2-语法讲解',2,'grammar',15,'0'),
(79,20,'医疗场景-单元2-听力练习',3,'listening',15,'0'),
(80,20,'医疗场景-单元2-口语训练',4,'speaking',15,'0'),
(81,21,'职场沟通-单元1-单词学习',1,'vocabulary',15,'0'),
(82,21,'职场沟通-单元1-语法讲解',2,'grammar',15,'0'),
(83,21,'职场沟通-单元1-听力练习',3,'listening',15,'0'),
(84,21,'职场沟通-单元1-口语训练',4,'speaking',15,'0'),
(85,22,'职场沟通-单元2-单词学习',1,'vocabulary',15,'0'),
(86,22,'职场沟通-单元2-语法讲解',2,'grammar',15,'0'),
(87,22,'职场沟通-单元2-听力练习',3,'listening',15,'0'),
(88,22,'职场沟通-单元2-口语训练',4,'speaking',15,'0'),
(89,23,'见面问候-单元1-单词学习',1,'vocabulary',15,'0'),
(90,23,'见面问候-单元1-语法讲解',2,'grammar',15,'0'),
(91,23,'见面问候-单元1-听力练习',3,'listening',15,'0'),
(92,23,'见面问候-单元1-口语训练',4,'speaking',15,'0'),
(93,24,'见面问候-单元2-单词学习',1,'vocabulary',15,'0'),
(94,24,'见面问候-单元2-语法讲解',2,'grammar',15,'0'),
(95,24,'见面问候-单元2-听力练习',3,'listening',15,'0'),
(96,24,'见面问候-单元2-口语训练',4,'speaking',15,'0'),
(97,25,'介绍他人-单元1-单词学习',1,'vocabulary',15,'0'),
(98,25,'介绍他人-单元1-语法讲解',2,'grammar',15,'0'),
(99,25,'介绍他人-单元1-听力练习',3,'listening',15,'0'),
(100,25,'介绍他人-单元1-口语训练',4,'speaking',15,'0'),
(101,26,'介绍他人-单元2-单词学习',1,'vocabulary',15,'0'),
(102,26,'介绍他人-单元2-语法讲解',2,'grammar',15,'0'),
(103,26,'介绍他人-单元2-听力练习',3,'listening',15,'0'),
(104,26,'介绍他人-单元2-口语训练',4,'speaking',15,'0'),
(105,27,'家庭话题-单元1-单词学习',1,'vocabulary',15,'0'),
(106,27,'家庭话题-单元1-语法讲解',2,'grammar',15,'0'),
(107,27,'家庭话题-单元1-听力练习',3,'listening',15,'0'),
(108,27,'家庭话题-单元1-口语训练',4,'speaking',15,'0'),
(109,28,'家庭话题-单元2-单词学习',1,'vocabulary',15,'0'),
(110,28,'家庭话题-单元2-语法讲解',2,'grammar',15,'0'),
(111,28,'家庭话题-单元2-听力练习',3,'listening',15,'0'),
(112,28,'家庭话题-单元2-口语训练',4,'speaking',15,'0'),
(113,29,'描述人物-单元1-单词学习',1,'vocabulary',15,'0'),
(114,29,'描述人物-单元1-语法讲解',2,'grammar',15,'0'),
(115,29,'描述人物-单元1-听力练习',3,'listening',15,'0'),
(116,29,'描述人物-单元1-口语训练',4,'speaking',15,'0'),
(117,30,'描述人物-单元2-单词学习',1,'vocabulary',15,'0'),
(118,30,'描述人物-单元2-语法讲解',2,'grammar',15,'0'),
(119,30,'描述人物-单元2-听力练习',3,'listening',15,'0'),
(120,30,'描述人物-单元2-口语训练',4,'speaking',15,'0'),
(121,31,'一天作息-单元1-单词学习',1,'vocabulary',15,'0'),
(122,31,'一天作息-单元1-语法讲解',2,'grammar',15,'0'),
(123,31,'一天作息-单元1-听力练习',3,'listening',15,'0'),
(124,31,'一天作息-单元1-口语训练',4,'speaking',15,'0'),
(125,32,'一天作息-单元2-单词学习',1,'vocabulary',15,'0'),
(126,32,'一天作息-单元2-语法讲解',2,'grammar',15,'0'),
(127,32,'一天作息-单元2-听力练习',3,'listening',15,'0'),
(128,32,'一天作息-单元2-口语训练',4,'speaking',15,'0'),
(129,33,'礼貌用语-单元1-单词学习',1,'vocabulary',15,'0'),
(130,33,'礼貌用语-单元1-语法讲解',2,'grammar',15,'0'),
(131,33,'礼貌用语-单元1-听力练习',3,'listening',15,'0'),
(132,33,'礼貌用语-单元1-口语训练',4,'speaking',15,'0'),
(133,34,'礼貌用语-单元2-单词学习',1,'vocabulary',15,'0'),
(134,34,'礼貌用语-单元2-语法讲解',2,'grammar',15,'0'),
(135,34,'礼貌用语-单元2-听力练习',3,'listening',15,'0'),
(136,34,'礼貌用语-单元2-口语训练',4,'speaking',15,'0'),
(137,35,'表达情感-单元1-单词学习',1,'vocabulary',15,'0'),
(138,35,'表达情感-单元1-语法讲解',2,'grammar',15,'0'),
(139,35,'表达情感-单元1-听力练习',3,'listening',15,'0'),
(140,35,'表达情感-单元1-口语训练',4,'speaking',15,'0'),
(141,36,'表达情感-单元2-单词学习',1,'vocabulary',15,'0'),
(142,36,'表达情感-单元2-语法讲解',2,'grammar',15,'0'),
(143,36,'表达情感-单元2-听力练习',3,'listening',15,'0'),
(144,36,'表达情感-单元2-口语训练',4,'speaking',15,'0'),
(145,37,'节日聚会-单元1-单词学习',1,'vocabulary',15,'0'),
(146,37,'节日聚会-单元1-语法讲解',2,'grammar',15,'0'),
(147,37,'节日聚会-单元1-听力练习',3,'listening',15,'0'),
(148,37,'节日聚会-单元1-口语训练',4,'speaking',15,'0'),
(149,38,'节日聚会-单元2-单词学习',1,'vocabulary',15,'0'),
(150,38,'节日聚会-单元2-语法讲解',2,'grammar',15,'0'),
(151,38,'节日聚会-单元2-听力练习',3,'listening',15,'0'),
(152,38,'节日聚会-单元2-口语训练',4,'speaking',15,'0'),
(153,39,'看病就医-单元1-单词学习',1,'vocabulary',15,'0'),
(154,39,'看病就医-单元1-语法讲解',2,'grammar',15,'0'),
(155,39,'看病就医-单元1-听力练习',3,'listening',15,'0'),
(156,39,'看病就医-单元1-口语训练',4,'speaking',15,'0'),
(157,40,'看病就医-单元2-单词学习',1,'vocabulary',15,'0'),
(158,40,'看病就医-单元2-语法讲解',2,'grammar',15,'0'),
(159,40,'看病就医-单元2-听力练习',3,'listening',15,'0'),
(160,40,'看病就医-单元2-口语训练',4,'speaking',15,'0'),
(161,41,'工作场合-单元1-单词学习',1,'vocabulary',15,'0'),
(162,41,'工作场合-单元1-语法讲解',2,'grammar',15,'0'),
(163,41,'工作场合-单元1-听力练习',3,'listening',15,'0'),
(164,41,'工作场合-单元1-口语训练',4,'speaking',15,'0'),
(165,42,'工作场合-单元2-单词学习',1,'vocabulary',15,'0'),
(166,42,'工作场合-单元2-语法讲解',2,'grammar',15,'0'),
(167,42,'工作场合-单元2-听力练习',3,'listening',15,'0'),
(168,42,'工作场合-单元2-口语训练',4,'speaking',15,'0'),
(169,43,'打招呼与告别-单元1-单词学习',1,'vocabulary',15,'0'),
(170,43,'打招呼与告别-单元1-语法讲解',2,'grammar',15,'0'),
(171,43,'打招呼与告别-单元1-听力练习',3,'listening',15,'0'),
(172,43,'打招呼与告别-单元1-口语训练',4,'speaking',15,'0'),
(173,44,'打招呼与告别-单元2-单词学习',1,'vocabulary',15,'0'),
(174,44,'打招呼与告别-单元2-语法讲解',2,'grammar',15,'0'),
(175,44,'打招呼与告别-单元2-听力练习',3,'listening',15,'0'),
(176,44,'打招呼与告别-单元2-口语训练',4,'speaking',15,'0'),
(177,45,'感谢与道歉-单元1-单词学习',1,'vocabulary',15,'0'),
(178,45,'感谢与道歉-单元1-语法讲解',2,'grammar',15,'0'),
(179,45,'感谢与道歉-单元1-听力练习',3,'listening',15,'0'),
(180,45,'感谢与道歉-单元1-口语训练',4,'speaking',15,'0'),
(181,46,'感谢与道歉-单元2-单词学习',1,'vocabulary',15,'0'),
(182,46,'感谢与道歉-单元2-语法讲解',2,'grammar',15,'0'),
(183,46,'感谢与道歉-单元2-听力练习',3,'listening',15,'0'),
(184,46,'感谢与道歉-单元2-口语训练',4,'speaking',15,'0'),
(185,47,'表达情绪-单元1-单词学习',1,'vocabulary',15,'0'),
(186,47,'表达情绪-单元1-语法讲解',2,'grammar',15,'0'),
(187,47,'表达情绪-单元1-听力练习',3,'listening',15,'0'),
(188,47,'表达情绪-单元1-口语训练',4,'speaking',15,'0'),
(189,48,'表达情绪-单元2-单词学习',1,'vocabulary',15,'0'),
(190,48,'表达情绪-单元2-语法讲解',2,'grammar',15,'0'),
(191,48,'表达情绪-单元2-听力练习',3,'listening',15,'0'),
(192,48,'表达情绪-单元2-口语训练',4,'speaking',15,'0'),
(193,49,'邀请与回应-单元1-单词学习',1,'vocabulary',15,'0'),
(194,49,'邀请与回应-单元1-语法讲解',2,'grammar',15,'0'),
(195,49,'邀请与回应-单元1-听力练习',3,'listening',15,'0'),
(196,49,'邀请与回应-单元1-口语训练',4,'speaking',15,'0'),
(197,50,'邀请与回应-单元2-单词学习',1,'vocabulary',15,'0'),
(198,50,'邀请与回应-单元2-语法讲解',2,'grammar',15,'0'),
(199,50,'邀请与回应-单元2-听力练习',3,'listening',15,'0'),
(200,50,'邀请与回应-单元2-口语训练',4,'speaking',15,'0'),
(201,51,'赞美与祝贺-单元1-单词学习',1,'vocabulary',15,'0'),
(202,51,'赞美与祝贺-单元1-语法讲解',2,'grammar',15,'0'),
(203,51,'赞美与祝贺-单元1-听力练习',3,'listening',15,'0'),
(204,51,'赞美与祝贺-单元1-口语训练',4,'speaking',15,'0'),
(205,52,'赞美与祝贺-单元2-单词学习',1,'vocabulary',15,'0'),
(206,52,'赞美与祝贺-单元2-语法讲解',2,'grammar',15,'0'),
(207,52,'赞美与祝贺-单元2-听力练习',3,'listening',15,'0'),
(208,52,'赞美与祝贺-单元2-口语训练',4,'speaking',15,'0'),
(209,53,'请求与拒绝-单元1-单词学习',1,'vocabulary',15,'0'),
(210,53,'请求与拒绝-单元1-语法讲解',2,'grammar',15,'0'),
(211,53,'请求与拒绝-单元1-听力练习',3,'listening',15,'0'),
(212,53,'请求与拒绝-单元1-口语训练',4,'speaking',15,'0'),
(213,54,'请求与拒绝-单元2-单词学习',1,'vocabulary',15,'0'),
(214,54,'请求与拒绝-单元2-语法讲解',2,'grammar',15,'0'),
(215,54,'请求与拒绝-单元2-听力练习',3,'listening',15,'0'),
(216,54,'请求与拒绝-单元2-口语训练',4,'speaking',15,'0'),
(217,55,'描述症状-单元1-单词学习',1,'vocabulary',15,'0'),
(218,55,'描述症状-单元1-语法讲解',2,'grammar',15,'0'),
(219,55,'描述症状-单元1-听力练习',3,'listening',15,'0'),
(220,55,'描述症状-单元1-口语训练',4,'speaking',15,'0'),
(221,56,'描述症状-单元2-单词学习',1,'vocabulary',15,'0'),
(222,56,'描述症状-单元2-语法讲解',2,'grammar',15,'0'),
(223,56,'描述症状-单元2-听力练习',3,'listening',15,'0'),
(224,56,'描述症状-单元2-口语训练',4,'speaking',15,'0'),
(225,57,'看医生流程-单元1-单词学习',1,'vocabulary',15,'0'),
(226,57,'看医生流程-单元1-语法讲解',2,'grammar',15,'0'),
(227,57,'看医生流程-单元1-听力练习',3,'listening',15,'0'),
(228,57,'看医生流程-单元1-口语训练',4,'speaking',15,'0'),
(229,58,'看医生流程-单元2-单词学习',1,'vocabulary',15,'0'),
(230,58,'看医生流程-单元2-语法讲解',2,'grammar',15,'0'),
(231,58,'看医生流程-单元2-听力练习',3,'listening',15,'0'),
(232,58,'看医生流程-单元2-口语训练',4,'speaking',15,'0'),
(233,59,'买药与用药-单元1-单词学习',1,'vocabulary',15,'0'),
(234,59,'买药与用药-单元1-语法讲解',2,'grammar',15,'0'),
(235,59,'买药与用药-单元1-听力练习',3,'listening',15,'0'),
(236,59,'买药与用药-单元1-口语训练',4,'speaking',15,'0'),
(237,60,'买药与用药-单元2-单词学习',1,'vocabulary',15,'0'),
(238,60,'买药与用药-单元2-语法讲解',2,'grammar',15,'0'),
(239,60,'买药与用药-单元2-听力练习',3,'listening',15,'0'),
(240,60,'买药与用药-单元2-口语训练',4,'speaking',15,'0'),
(241,61,'急诊情况-单元1-单词学习',1,'vocabulary',15,'0'),
(242,61,'急诊情况-单元1-语法讲解',2,'grammar',15,'0'),
(243,61,'急诊情况-单元1-听力练习',3,'listening',15,'0'),
(244,61,'急诊情况-单元1-口语训练',4,'speaking',15,'0'),
(245,62,'急诊情况-单元2-单词学习',1,'vocabulary',15,'0'),
(246,62,'急诊情况-单元2-语法讲解',2,'grammar',15,'0'),
(247,62,'急诊情况-单元2-听力练习',3,'listening',15,'0'),
(248,62,'急诊情况-单元2-口语训练',4,'speaking',15,'0'),
(249,63,'健康建议-单元1-单词学习',1,'vocabulary',15,'0'),
(250,63,'健康建议-单元1-语法讲解',2,'grammar',15,'0'),
(251,63,'健康建议-单元1-听力练习',3,'listening',15,'0'),
(252,63,'健康建议-单元1-口语训练',4,'speaking',15,'0'),
(253,64,'健康建议-单元2-单词学习',1,'vocabulary',15,'0'),
(254,64,'健康建议-单元2-语法讲解',2,'grammar',15,'0'),
(255,64,'健康建议-单元2-听力练习',3,'listening',15,'0'),
(256,64,'健康建议-单元2-口语训练',4,'speaking',15,'0'),
(257,65,'办公室日常-单元1-单词学习',1,'vocabulary',15,'0'),
(258,65,'办公室日常-单元1-语法讲解',2,'grammar',15,'0'),
(259,65,'办公室日常-单元1-听力练习',3,'listening',15,'0'),
(260,65,'办公室日常-单元1-口语训练',4,'speaking',15,'0'),
(261,66,'办公室日常-单元2-单词学习',1,'vocabulary',15,'0'),
(262,66,'办公室日常-单元2-语法讲解',2,'grammar',15,'0'),
(263,66,'办公室日常-单元2-听力练习',3,'listening',15,'0'),
(264,66,'办公室日常-单元2-口语训练',4,'speaking',15,'0'),
(265,67,'开会讨论-单元1-单词学习',1,'vocabulary',15,'0'),
(266,67,'开会讨论-单元1-语法讲解',2,'grammar',15,'0'),
(267,67,'开会讨论-单元1-听力练习',3,'listening',15,'0'),
(268,67,'开会讨论-单元1-口语训练',4,'speaking',15,'0'),
(269,68,'开会讨论-单元2-单词学习',1,'vocabulary',15,'0'),
(270,68,'开会讨论-单元2-语法讲解',2,'grammar',15,'0'),
(271,68,'开会讨论-单元2-听力练习',3,'listening',15,'0'),
(272,68,'开会讨论-单元2-口语训练',4,'speaking',15,'0'),
(273,69,'邮件写作-单元1-单词学习',1,'vocabulary',15,'0'),
(274,69,'邮件写作-单元1-语法讲解',2,'grammar',15,'0'),
(275,69,'邮件写作-单元1-听力练习',3,'listening',15,'0'),
(276,69,'邮件写作-单元1-口语训练',4,'speaking',15,'0'),
(277,70,'邮件写作-单元2-单词学习',1,'vocabulary',15,'0'),
(278,70,'邮件写作-单元2-语法讲解',2,'grammar',15,'0'),
(279,70,'邮件写作-单元2-听力练习',3,'listening',15,'0'),
(280,70,'邮件写作-单元2-口语训练',4,'speaking',15,'0'),
(281,71,'电话沟通-单元1-单词学习',1,'vocabulary',15,'0'),
(282,71,'电话沟通-单元1-语法讲解',2,'grammar',15,'0'),
(283,71,'电话沟通-单元1-听力练习',3,'listening',15,'0'),
(284,71,'电话沟通-单元1-口语训练',4,'speaking',15,'0'),
(285,72,'电话沟通-单元2-单词学习',1,'vocabulary',15,'0'),
(286,72,'电话沟通-单元2-语法讲解',2,'grammar',15,'0'),
(287,72,'电话沟通-单元2-听力练习',3,'listening',15,'0'),
(288,72,'电话沟通-单元2-口语训练',4,'speaking',15,'0'),
(289,73,'汇报工作-单元1-单词学习',1,'vocabulary',15,'0'),
(290,73,'汇报工作-单元1-语法讲解',2,'grammar',15,'0'),
(291,73,'汇报工作-单元1-听力练习',3,'listening',15,'0'),
(292,73,'汇报工作-单元1-口语训练',4,'speaking',15,'0'),
(293,74,'汇报工作-单元2-单词学习',1,'vocabulary',15,'0'),
(294,74,'汇报工作-单元2-语法讲解',2,'grammar',15,'0'),
(295,74,'汇报工作-单元2-听力练习',3,'listening',15,'0'),
(296,74,'汇报工作-单元2-口语训练',4,'speaking',15,'0'),
(297,75,'平假名あ行-な行-单元1-单词学习',1,'vocabulary',15,'0'),
(298,75,'平假名あ行-な行-单元1-语法讲解',2,'grammar',15,'0'),
(299,75,'平假名あ行-な行-单元1-听力练习',3,'listening',15,'0'),
(300,75,'平假名あ行-な行-单元1-口语训练',4,'speaking',15,'0'),
(301,76,'平假名あ行-な行-单元2-单词学习',1,'vocabulary',15,'0'),
(302,76,'平假名あ行-な行-单元2-语法讲解',2,'grammar',15,'0'),
(303,76,'平假名あ行-な行-单元2-听力练习',3,'listening',15,'0'),
(304,76,'平假名あ行-な行-单元2-口语训练',4,'speaking',15,'0'),
(305,77,'平假名は行-わ行-单元1-单词学习',1,'vocabulary',15,'0'),
(306,77,'平假名は行-わ行-单元1-语法讲解',2,'grammar',15,'0'),
(307,77,'平假名は行-わ行-单元1-听力练习',3,'listening',15,'0'),
(308,77,'平假名は行-わ行-单元1-口语训练',4,'speaking',15,'0'),
(309,78,'平假名は行-わ行-单元2-单词学习',1,'vocabulary',15,'0'),
(310,78,'平假名は行-わ行-单元2-语法讲解',2,'grammar',15,'0'),
(311,78,'平假名は行-わ行-单元2-听力练习',3,'listening',15,'0'),
(312,78,'平假名は行-わ行-单元2-口语训练',4,'speaking',15,'0'),
(313,79,'片假名与浊音-单元1-单词学习',1,'vocabulary',15,'0'),
(314,79,'片假名与浊音-单元1-语法讲解',2,'grammar',15,'0'),
(315,79,'片假名与浊音-单元1-听力练习',3,'listening',15,'0'),
(316,79,'片假名与浊音-单元1-口语训练',4,'speaking',15,'0'),
(317,80,'片假名与浊音-单元2-单词学习',1,'vocabulary',15,'0'),
(318,80,'片假名与浊音-单元2-语法讲解',2,'grammar',15,'0'),
(319,80,'片假名与浊音-单元2-听力练习',3,'listening',15,'0'),
(320,80,'片假名与浊音-单元2-口语训练',4,'speaking',15,'0'),
(321,81,'基础问候语-单元1-单词学习',1,'vocabulary',15,'0'),
(322,81,'基础问候语-单元1-语法讲解',2,'grammar',15,'0'),
(323,81,'基础问候语-单元1-听力练习',3,'listening',15,'0'),
(324,81,'基础问候语-单元1-口语训练',4,'speaking',15,'0'),
(325,82,'基础问候语-单元2-单词学习',1,'vocabulary',15,'0'),
(326,82,'基础问候语-单元2-语法讲解',2,'grammar',15,'0'),
(327,82,'基础问候语-单元2-听力练习',3,'listening',15,'0'),
(328,82,'基础问候语-单元2-口语训练',4,'speaking',15,'0'),
(329,83,'日常会话-单元1-单词学习',1,'vocabulary',15,'0'),
(330,83,'日常会话-单元1-语法讲解',2,'grammar',15,'0'),
(331,83,'日常会话-单元1-听力练习',3,'listening',15,'0'),
(332,83,'日常会话-单元1-口语训练',4,'speaking',15,'0'),
(333,84,'日常会话-单元2-单词学习',1,'vocabulary',15,'0'),
(334,84,'日常会话-单元2-语法讲解',2,'grammar',15,'0'),
(335,84,'日常会话-单元2-听力练习',3,'listening',15,'0'),
(336,84,'日常会话-单元2-口语训练',4,'speaking',15,'0'),
(337,85,'颜色与数字-单元1-单词学习',1,'vocabulary',15,'0'),
(338,85,'颜色与数字-单元1-语法讲解',2,'grammar',15,'0'),
(339,85,'颜色与数字-单元1-听力练习',3,'listening',15,'0'),
(340,85,'颜色与数字-单元1-口语训练',4,'speaking',15,'0'),
(341,86,'颜色与数字-单元2-单词学习',1,'vocabulary',15,'0'),
(342,86,'颜色与数字-单元2-语法讲解',2,'grammar',15,'0'),
(343,86,'颜色与数字-单元2-听力练习',3,'listening',15,'0'),
(344,86,'颜色与数字-单元2-口语训练',4,'speaking',15,'0'),
(345,87,'基础语法-单元1-单词学习',1,'vocabulary',15,'0'),
(346,87,'基础语法-单元1-语法讲解',2,'grammar',15,'0'),
(347,87,'基础语法-单元1-听力练习',3,'listening',15,'0'),
(348,87,'基础语法-单元1-口语训练',4,'speaking',15,'0'),
(349,88,'基础语法-单元2-单词学习',1,'vocabulary',15,'0'),
(350,88,'基础语法-单元2-语法讲解',2,'grammar',15,'0'),
(351,88,'基础语法-单元2-听力练习',3,'listening',15,'0'),
(352,88,'基础语法-单元2-口语训练',4,'speaking',15,'0'),
(353,89,'汉字书写-单元1-单词学习',1,'vocabulary',15,'0'),
(354,89,'汉字书写-单元1-语法讲解',2,'grammar',15,'0'),
(355,89,'汉字书写-单元1-听力练习',3,'listening',15,'0'),
(356,89,'汉字书写-单元1-口语训练',4,'speaking',15,'0'),
(357,90,'汉字书写-单元2-单词学习',1,'vocabulary',15,'0'),
(358,90,'汉字书写-单元2-语法讲解',2,'grammar',15,'0'),
(359,90,'汉字书写-单元2-听力练习',3,'listening',15,'0'),
(360,90,'汉字书写-单元2-口语训练',4,'speaking',15,'0');

DELETE FROM edu_vocabulary; ALTER TABLE edu_vocabulary AUTO_INCREMENT=1;
INSERT INTO edu_vocabulary(unit_id,word,language,pronunciation,part_of_speech,definition,example_sentences,del_flag) VALUES
(1,'hello','en','/həˈloʊ/','interj.','你好；喂','Hello! Nice to meet you.','0'),
(1,'good morning','en','/ɡʊd ˈmɔːrnɪŋ/','phrase','早上好','Good morning, class!','0'),
(1,'thank you','en','/θæŋk juː/','phrase','谢谢你','Thank you very much!','0'),
(2,'name','en','/neɪm/','n.','名字','What is your name?','0'),
(2,'student','en','/ˈstuːdnt/','n.','学生','She is a student.','0'),
(3,'father','en','/ˈfɑːðər/','n.','父亲','My father is a doctor.','0'),
(3,'mother','en','/ˈmʌðər/','n.','母亲','Happy Mother\'s Day!','0'),
(4,'tall','en','/tɔːl/','adj.','高的','He is very tall.','0'),
(4,'beautiful','en','/ˈbjuːtɪfl/','adj.','美丽的','She looks beautiful.','0'),
(5,'breakfast','en','/ˈbrekfəst/','n.','早餐','Breakfast is important.','0'),
(6,'sorry','en','/ˈsɒri/','adj.','对不起','Sorry, I am late.','0'),
(6,'welcome','en','/ˈwelkəm/','interj.','欢迎','You are welcome.','0'),
(7,'happy','en','/ˈhæpi/','adj.','高兴的','I am happy today!','0'),
(8,'party','en','/ˈpɑːrti/','n.','聚会','Great party last night!','0'),
(9,'hospital','en','/ˈhɒspɪtl/','n.','医院','Go to hospital.','0'),
(10,'meeting','en','/ˈmiːtɪŋ/','n.','会议','Meeting at 3 PM.','0'),
(11,'あいうえお','ja','/a i u e o/','hiragana','五十音第一行','五十音の基礎','0'),
(12,'はひふへほ','ja','/ha hi fu he ho/','hiragana','は行','ふはfuと発音','0'),
(13,'こんにちは','ja','/kon.nichi.wa/','greeting','白天问候','こんにちは田中さん','0'),
(14,'すみません','ja','/su.mi.ma.sen/','greeting','对不起','すみません遅れました','0'),
(15,'あか','ja','/aka/','adj.','红色','あかいリンゴ','0'),
(16,'いち','ja','/itɕi/','numeral','数字1','いちがつ一月','0'),
(17,'食べる','ja','/ta.be.ru/','verb','吃','ご飯を食べます','0'),
(18,'私','ja','/watashi/','pronoun','我','私は学生です','0'),
(19,'名前','ja','/namae/','n.','名字','お名前は何ですか','0'),
(21,'a','zh','/A/','final','韵母a','阿姨阿婆','0'),
(22,'b','zh','/p/','initial','声母b','爸爸杯子','0'),
(23,'zh','zh','/ʈʂ/','initial','翘舌zh','中国知道','0'),
(24,'ai','zh','/aɪ/','复韵母ai','爱好大海','','0'),
(25,'an','zh','/an/','前鼻韵母an','平安吃饭','','0'),
(30,'一','zh','/í/','汉字一','一举两得','','0'),
(31,'日','zh','/ɻî/','太阳日','日出东方','','0'),
(32,'亻','zh','/rénzìpáng/','单人旁','他们伙伴','','0'),
(33,'语','zh','/yǔ̌/','语言语','汉语语文','','0');
